change,tri,type
ACA..AAA,ACA,tri
ACC..AAC,ACC,tri
ACG..AAG,ACG,tri
ACT..AAT,ACT,tri
CCA..CAA,CCA,tri
CCC..CAC,CCC,tri
CCG..CAG,CCG,tri
CCT..CAT,CCT,tri
GCA..GAA,GCA,tri
GCC..GAC,GCC,tri
GCG..GAG,GCG,tri
GCT..GAT,GCT,tri
TCA..TAA,TCA,tri
TCC..TAC,TCC,tri
TCG..TAG,TCG,tri
TCT..TAT,TCT,tri
ACA..AGA,ACA,tri
ACC..AGC,ACC,tri
ACG..AGG,ACG,tri
ACT..AGT,ACT,tri
CCA..CGA,CCA,tri
CCC..CGC,CCC,tri
CCG..CGG,CCG,tri
CCT..CGT,CCT,tri
GCA..GGA,GCA,tri
GCC..GGC,GCC,tri
GCG..GGG,GCG,tri
GCT..GGT,GCT,tri
TCA..TGA,TCA,tri
TCC..TGC,TCC,tri
TCG..TGG,TCG,tri
TCT..TGT,TCT,tri
ACA..ATA,ACA,tri
ACC..ATC,ACC,tri
ACG..ATG,ACG,tri
ACT..ATT,ACT,tri
CCA..CTA,CCA,tri
CCC..CTC,CCC,tri
CCG..CTG,CCG,tri
CCT..CTT,CCT,tri
GCA..GTA,GCA,tri
GCC..GTC,GCC,tri
GCG..GTG,GCG,tri
GCT..GTT,GCT,tri
TCA..TTA,TCA,tri
TCC..TTC,TCC,tri
TCG..TTG,TCG,tri
TCT..TTT,TCT,tri
ATA..AAA,ATA,tri
ATC..AAC,ATC,tri
ATG..AAG,ATG,tri
ATT..AAT,ATT,tri
CTA..CAA,CTA,tri
CTC..CAC,CTC,tri
CTG..CAG,CTG,tri
CTT..CAT,CTT,tri
GTA..GAA,GTA,tri
GTC..GAC,GTC,tri
GTG..GAG,GTG,tri
GTT..GAT,GTT,tri
TTA..TAA,TTA,tri
TTC..TAC,TTC,tri
TTG..TAG,TTG,tri
TTT..TAT,TTT,tri
ATA..ACA,ATA,tri
ATC..ACC,ATC,tri
ATG..ACG,ATG,tri
ATT..ACT,ATT,tri
CTA..CCA,CTA,tri
CTC..CCC,CTC,tri
CTG..CCG,CTG,tri
CTT..CCT,CTT,tri
GTA..GCA,GTA,tri
GTC..GCC,GTC,tri
GTG..GCG,GTG,tri
GTT..GCT,GTT,tri
TTA..TCA,TTA,tri
TTC..TCC,TTC,tri
TTG..TCG,TTG,tri
TTT..TCT,TTT,tri
ATA..AGA,ATA,tri
ATC..AGC,ATC,tri
ATG..AGG,ATG,tri
ATT..AGT,ATT,tri
CTA..CGA,CTA,tri
CTC..CGC,CTC,tri
CTG..CGG,CTG,tri
CTT..CGT,CTT,tri
GTA..GGA,GTA,tri
GTC..GGC,GTC,tri
GTG..GGG,GTG,tri
GTT..GGT,GTT,tri
TTA..TGA,TTA,tri
TTC..TGC,TTC,tri
TTG..TGG,TTG,tri
TTT..TGT,TTT,tri
